套件,用途,层级,模型ID,名称,说明,默认Lowpoly三角面,设计尺寸W×H×D(m),尺寸参数,detail参数,几何检查,作者源码,定义文件,卡片缩略图,列表缩略图,视觉证据,边界
地牢与城堡,RPG / 地牢探索 / 模块化建筑,L1,l1.architecture.game_dungeon.rib_vault_cell,交叉拱肋顶格,2 m 方格廊道的独立拱肋顶格；游戏用外观部件，交互和碰撞由接入引擎实现。,308,2.16 × 0.99 × 2.16,width / height / depth,true,通过,tools/game410/dungeon.py,library/parts/l1.architecture.game_dungeon.rib_vault_cell.json,library/thumbnails/l1.architecture.game_dungeon.rib_vault_cell.webp,library/thumbnails/l1.architecture.game_dungeon.rib_vault_cell.webp,docs/game410/index.html,静态美术；未实现游戏逻辑、蒙皮动画或物理；定位基准不等于已验证机械接口
地牢与城堡,RPG / 地牢探索 / 模块化建筑,L1,l1.architecture.game_dungeon.pointed_portal,尖拱通道框,具有真实通道开口的尖拱门框；游戏用外观部件，交互和碰撞由接入引擎实现。,420,2 × 2.65 × 0.52,width / height / depth,true,通过,tools/game410/dungeon.py,library/parts/l1.architecture.game_dungeon.pointed_portal.json,library/thumbnails/l1.architecture.game_dungeon.pointed_portal.webp,library/thumbnails/l1.architecture.game_dungeon.pointed_portal.webp,docs/game410/index.html,静态美术；未实现游戏逻辑、蒙皮动画或物理；定位基准不等于已验证机械接口
地牢与城堡,RPG / 地牢探索 / 模块化建筑,L1,l1.architecture.game_dungeon.portcullis_leaf,升降栅门叶,独立升降门叶；垂直运动由父装配实现；游戏用外观部件，交互和碰撞由接入引擎实现。,540,1.18 × 1.92 × 0.095,width / height / depth,true,通过,tools/game410/dungeon.py,library/parts/l1.architecture.game_dungeon.portcullis_leaf.json,library/thumbnails/l1.architecture.game_dungeon.portcullis_leaf.webp,library/thumbnails/l1.architecture.game_dungeon.portcullis_leaf.webp,docs/game410/index.html,静态美术；未实现游戏逻辑、蒙皮动画或物理；定位基准不等于已验证机械接口
地牢与城堡,RPG / 地牢探索 / 模块化建筑,L1,l1.architecture.game_dungeon.floor_grate_tile,地牢排水格栅砖,有贯通孔隙的方形地面排水单元；游戏用外观部件，交互和碰撞由接入引擎实现。,484,1.04 × 0.11 × 1.04,width / height / depth,true,通过,tools/game410/dungeon.py,library/parts/l1.architecture.game_dungeon.floor_grate_tile.json,library/thumbnails/l1.architecture.game_dungeon.floor_grate_tile.webp,library/thumbnails/l1.architecture.game_dungeon.floor_grate_tile.webp,docs/game410/index.html,静态美术；未实现游戏逻辑、蒙皮动画或物理；定位基准不等于已验证机械接口
地牢与城堡,RPG / 地牢探索 / 模块化建筑,L1,l1.architecture.game_dungeon.trough_corner,四分之一转角排水槽,开放槽底与双侧墙的 90° 排水转角；游戏用外观部件，交互和碰撞由接入引擎实现。,300,0.77 × 0.24 × 0.77,width / height / depth,false,通过,tools/game410/dungeon.py,library/parts/l1.architecture.game_dungeon.trough_corner.json,library/thumbnails/l1.architecture.game_dungeon.trough_corner.webp,library/thumbnails/l1.architecture.game_dungeon.trough_corner.webp,docs/game410/index.html,静态美术；未实现游戏逻辑、蒙皮动画或物理；定位基准不等于已验证机械接口
地牢与城堡,RPG / 地牢探索 / 模块化建筑,L1,l1.architecture.game_dungeon.cross_arrow_slit,十字箭孔墙芯,十字箭孔贯通的石墙嵌块；游戏用外观部件，交互和碰撞由接入引擎实现。,108,1.04 × 1.3 × 0.39,width / height / depth,true,通过,tools/game410/dungeon.py,library/parts/l1.architecture.game_dungeon.cross_arrow_slit.json,library/thumbnails/l1.architecture.game_dungeon.cross_arrow_slit.webp,library/thumbnails/l1.architecture.game_dungeon.cross_arrow_slit.webp,docs/game410/index.html,静态美术；未实现游戏逻辑、蒙皮动画或物理；定位基准不等于已验证机械接口
地牢与城堡,RPG / 地牢探索 / 模块化建筑,L1,l1.architecture.game_dungeon.stepped_buttress,收分阶梯扶壁,城堡墙根的阶梯收分侧向承托；游戏用外观部件，交互和碰撞由接入引擎实现。,176,0.62 × 1.92 × 0.88,width / height / depth,false,通过,tools/game410/dungeon.py,library/parts/l1.architecture.game_dungeon.stepped_buttress.json,library/thumbnails/l1.architecture.game_dungeon.stepped_buttress.webp,library/thumbnails/l1.architecture.game_dungeon.stepped_buttress.webp,docs/game410/index.html,静态美术；未实现游戏逻辑、蒙皮动画或物理；定位基准不等于已验证机械接口
地牢与城堡,RPG / 地牢探索 / 模块化建筑,L1,l1.architecture.game_dungeon.winder_stair_quarter,四步转角楔形阶梯,环绕内柱的四步 90° 转角踏面；游戏用外观部件，交互和碰撞由接入引擎实现。,400,0.88 × 0.52 × 0.88,width / height / depth,false,通过,tools/game410/dungeon.py,library/parts/l1.architecture.game_dungeon.winder_stair_quarter.json,library/thumbnails/l1.architecture.game_dungeon.winder_stair_quarter.webp,library/thumbnails/l1.architecture.game_dungeon.winder_stair_quarter.webp,docs/game410/index.html,静态美术；未实现游戏逻辑、蒙皮动画或物理；定位基准不等于已验证机械接口
地牢与城堡,RPG / 地牢探索 / 模块化建筑,L1,l1.architecture.game_dungeon.drawbridge_hinge_seat,吊桥双耳铰轴座,带真实销孔的吊桥地台支座；游戏用外观部件，交互和碰撞由接入引擎实现。,472,0.64 × 0.45 × 0.49,width / height / depth,true,通过,tools/game410/dungeon.py,library/parts/l1.architecture.game_dungeon.drawbridge_hinge_seat.json,library/thumbnails/l1.architecture.game_dungeon.drawbridge_hinge_seat.webp,library/thumbnails/l1.architecture.game_dungeon.drawbridge_hinge_seat.webp,docs/game410/index.html,静态美术；未实现游戏逻辑、蒙皮动画或物理；定位基准不等于已验证机械接口
地牢与城堡,RPG / 地牢探索 / 模块化建筑,L1,l1.architecture.game_dungeon.chain_anchor,四孔拉环墙锚,链条和绳索的墙体附着环；游戏用外观部件，交互和碰撞由接入引擎实现。,488,0.34 × 0.44 × 0.155,width / height / depth,false,通过,tools/game410/dungeon.py,library/parts/l1.architecture.game_dungeon.chain_anchor.json,library/thumbnails/l1.architecture.game_dungeon.chain_anchor.webp,library/thumbnails/l1.architecture.game_dungeon.chain_anchor.webp,docs/game410/index.html,静态美术；未实现游戏逻辑、蒙皮动画或物理；定位基准不等于已验证机械接口
地牢与城堡,RPG / 地牢探索 / 模块化建筑,L1,l1.architecture.game_dungeon.torch_sconce,开放杯形火炬壁托,可插入独立火炬或粒子火焰的空心壁托；游戏用外观部件，交互和碰撞由接入引擎实现。,192,0.32 × 0.51 × 0.49,width / height / depth,false,通过,tools/game410/dungeon.py,library/parts/l1.architecture.game_dungeon.torch_sconce.json,library/thumbnails/l1.architecture.game_dungeon.torch_sconce.webp,library/thumbnails/l1.architecture.game_dungeon.torch_sconce.webp,docs/game410/index.html,静态美术；未实现游戏逻辑、蒙皮动画或物理；定位基准不等于已验证机械接口
地牢与城堡,RPG / 地牢探索 / 模块化建筑,L1,l1.architecture.game_dungeon.broken_parapet,断口雉堞墙片,非随机碎面堆叠的残损城垛轮廓；游戏用外观部件，交互和碰撞由接入引擎实现。,48,1.24 × 1.03 × 0.4,width / height / depth,false,通过,tools/game410/dungeon.py,library/parts/l1.architecture.game_dungeon.broken_parapet.json,library/thumbnails/l1.architecture.game_dungeon.broken_parapet.webp,library/thumbnails/l1.architecture.game_dungeon.broken_parapet.webp,docs/game410/index.html,静态美术；未实现游戏逻辑、蒙皮动画或物理；定位基准不等于已验证机械接口
地牢与城堡,RPG / 地牢探索 / 模块化建筑,L2,l2-game410-dungeon,地牢栅门装配样例,开放门框、独立门叶和壁托组成的静态入口；不包含开门动画与陷阱逻辑。,1828,由子装配决定,子部件参数,false,通过,tools/game410/examples.py,library/assemblies/l2-game410-dungeon.json,library/thumbnails/l2-game410-dungeon.webp,library/thumbnails/l2-game410-dungeon.webp,docs/game410/index.html,静态美术；未实现游戏逻辑、蒙皮动画或物理；定位基准不等于已验证机械接口
攀爬与平台,动作冒险 / 平台跳跃 / 跑酷,L1,l1.gameplay.game_traversal.inner_corner_deck,内凹直角跳台,保留中心缺口的 L 形平台，适用于内转角路线；游戏用外观部件，交互和碰撞由接入引擎实现。,108,1.6 × 0.204 × 1.6,width / height / depth,true,通过,tools/game410/traversal.py,library/parts/l1.gameplay.game_traversal.inner_corner_deck.json,library/thumbnails/l1.gameplay.game_traversal.inner_corner_deck.webp,library/thumbnails/l1.gameplay.game_traversal.inner_corner_deck.webp,docs/game410/index.html,静态美术；未实现游戏逻辑、蒙皮动画或物理；定位基准不等于已验证机械接口
攀爬与平台,动作冒险 / 平台跳跃 / 跑酷,L1,l1.gameplay.game_traversal.quarter_round_deck,外弧四分之一跳台,连续外弧踏面，适用于路线外转角；游戏用外观部件，交互和碰撞由接入引擎实现。,200,0.9 × 0.182 × 0.9,width / height / depth,true,通过,tools/game410/traversal.py,library/parts/l1.gameplay.game_traversal.quarter_round_deck.json,library/thumbnails/l1.gameplay.game_traversal.quarter_round_deck.webp,library/thumbnails/l1.gameplay.game_traversal.quarter_round_deck.webp,docs/game410/index.html,静态美术；未实现游戏逻辑、蒙皮动画或物理；定位基准不等于已验证机械接口
攀爬与平台,动作冒险 / 平台跳跃 / 跑酷,L1,l1.gameplay.game_traversal.wallrun_panel,壁跑接触面板,有方向几何标记的壁跑外观模块；游戏用外观部件，交互和碰撞由接入引擎实现。,212,1.64 × 1.12 × 0.128,width / height / depth,true,通过,tools/game410/traversal.py,library/parts/l1.gameplay.game_traversal.wallrun_panel.json,library/thumbnails/l1.gameplay.game_traversal.wallrun_panel.webp,library/thumbnails/l1.gameplay.game_traversal.wallrun_panel.webp,docs/game410/index.html,静态美术；未实现游戏逻辑、蒙皮动画或物理；定位基准不等于已验证机械接口
攀爬与平台,动作冒险 / 平台跳跃 / 跑酷,L1,l1.gameplay.game_traversal.crimp_hold,岩壁指尖攀点,带固定孔与上沿窄抓面的攀爬点；游戏用外观部件，交互和碰撞由接入引擎实现。,108,0.4 × 0.18 × 0.172,width / height / depth,false,通过,tools/game410/traversal.py,library/parts/l1.gameplay.game_traversal.crimp_hold.json,library/thumbnails/l1.gameplay.game_traversal.crimp_hold.webp,library/thumbnails/l1.gameplay.game_traversal.crimp_hold.webp,docs/game410/index.html,静态美术；未实现游戏逻辑、蒙皮动画或物理；定位基准不等于已验证机械接口
攀爬与平台,动作冒险 / 平台跳跃 / 跑酷,L1,l1.gameplay.game_traversal.jug_hold,镂空大把手攀点,有真实指握空间的抓握攀点；游戏用外观部件，交互和碰撞由接入引擎实现。,124,0.44 × 0.43 × 0.12,width / height / depth,true,通过,tools/game410/traversal.py,library/parts/l1.gameplay.game_traversal.jug_hold.json,library/thumbnails/l1.gameplay.game_traversal.jug_hold.webp,library/thumbnails/l1.gameplay.game_traversal.jug_hold.webp,docs/game410/index.html,静态美术；未实现游戏逻辑、蒙皮动画或物理；定位基准不等于已验证机械接口
攀爬与平台,动作冒险 / 平台跳跃 / 跑酷,L1,l1.gameplay.game_traversal.zipline_trolley,双滑轮索道小车壳,轮槽与悬挂孔分离的索道小车外观；游戏用外观部件，交互和碰撞由接入引擎实现。,952,0.56 × 0.4 × 0.2,width / height / depth,false,通过,tools/game410/traversal.py,library/parts/l1.gameplay.game_traversal.zipline_trolley.json,library/thumbnails/l1.gameplay.game_traversal.zipline_trolley.webp,library/thumbnails/l1.gameplay.game_traversal.zipline_trolley.webp,docs/game410/index.html,静态美术；未实现游戏逻辑、蒙皮动画或物理；定位基准不等于已验证机械接口
攀爬与平台,动作冒险 / 平台跳跃 / 跑酷,L1,l1.gameplay.game_traversal.zipline_anchor,索道锚固双耳支架,承接钢索端点的独立锚固件；游戏用外观部件，交互和碰撞由接入引擎实现。,184,0.6 × 0.42 × 0.38,width / height / depth,false,通过,tools/game410/traversal.py,library/parts/l1.gameplay.game_traversal.zipline_anchor.json,library/thumbnails/l1.gameplay.game_traversal.zipline_anchor.webp,library/thumbnails/l1.gameplay.game_traversal.zipline_anchor.webp,docs/game410/index.html,静态美术；未实现游戏逻辑、蒙皮动画或物理；定位基准不等于已验证机械接口
攀爬与平台,动作冒险 / 平台跳跃 / 跑酷,L1,l1.gameplay.game_traversal.balance_log,平衡木踏梁,窄落脚面与两端支承截面的独木桥梁；游戏用外观部件，交互和碰撞由接入引擎实现。,268,0.44 × 0.43 × 2,width / height / depth,true,通过,tools/game410/traversal.py,library/parts/l1.gameplay.game_traversal.balance_log.json,library/thumbnails/l1.gameplay.game_traversal.balance_log.webp,library/thumbnails/l1.gameplay.game_traversal.balance_log.webp,docs/game410/index.html,静态美术；未实现游戏逻辑、蒙皮动画或物理；定位基准不等于已验证机械接口
攀爬与平台,动作冒险 / 平台跳跃 / 跑酷,L1,l1.gameplay.game_traversal.conveyor_tread,铰接传送带踏节,可重复排列的传送带单节；具备前后铰接位置；游戏用外观部件，交互和碰撞由接入引擎实现。,648,0.6 × 0.096 × 0.44,width / height / depth,true,通过,tools/game410/traversal.py,library/parts/l1.gameplay.game_traversal.conveyor_tread.json,library/thumbnails/l1.gameplay.game_traversal.conveyor_tread.webp,library/thumbnails/l1.gameplay.game_traversal.conveyor_tread.webp,docs/game410/index.html,静态美术；未实现游戏逻辑、蒙皮动画或物理；定位基准不等于已验证机械接口
攀爬与平台,动作冒险 / 平台跳跃 / 跑酷,L1,l1.gameplay.game_traversal.grapple_ring,钩索目标穿环,有清晰穿环空间和安装底座的钩索目标；游戏用外观部件，交互和碰撞由接入引擎实现。,288,0.64 × 0.8 × 0.16,width / height / depth,true,通过,tools/game410/traversal.py,library/parts/l1.gameplay.game_traversal.grapple_ring.json,library/thumbnails/l1.gameplay.game_traversal.grapple_ring.webp,library/thumbnails/l1.gameplay.game_traversal.grapple_ring.webp,docs/game410/index.html,静态美术；未实现游戏逻辑、蒙皮动画或物理；定位基准不等于已验证机械接口
攀爬与平台,动作冒险 / 平台跳跃 / 跑酷,L1,l1.gameplay.game_traversal.folding_ledge_bracket,折叠踏板三角托架,轻量化镂空三角承托；转轴由父级设置；游戏用外观部件，交互和碰撞由接入引擎实现。,76,0.68 × 0.69 × 0.21,width / height / depth,false,通过,tools/game410/traversal.py,library/parts/l1.gameplay.game_traversal.folding_ledge_bracket.json,library/thumbnails/l1.gameplay.game_traversal.folding_ledge_bracket.webp,library/thumbnails/l1.gameplay.game_traversal.folding_ledge_bracket.webp,docs/game410/index.html,静态美术；未实现游戏逻辑、蒙皮动画或物理；定位基准不等于已验证机械接口
攀爬与平台,动作冒险 / 平台跳跃 / 跑酷,L1,l1.gameplay.game_traversal.rail_crossing_frog,矿车交叉辙芯,单独的交叉轨心几何，用于矿车岔道外观；游戏用外观部件，交互和碰撞由接入引擎实现。,60,0.86 × 0.15 × 1.4,width / height / depth,false,通过,tools/game410/traversal.py,library/parts/l1.gameplay.game_traversal.rail_crossing_frog.json,library/thumbnails/l1.gameplay.game_traversal.rail_crossing_frog.webp,library/thumbnails/l1.gameplay.game_traversal.rail_crossing_frog.webp,docs/game410/index.html,静态美术；未实现游戏逻辑、蒙皮动画或物理；定位基准不等于已验证机械接口
攀爬与平台,动作冒险 / 平台跳跃 / 跑酷,L2,l2-game410-traversal,攀爬训练墙模块,攀点与真实墙面附着的静态示例；碰撞和角色吸附由游戏实现。,552,由子装配决定,子部件参数,false,通过,tools/game410/examples.py,library/assemblies/l2-game410-traversal.json,library/thumbnails/l2-game410-traversal.webp,library/thumbnails/l2-game410-traversal.webp,docs/game410/index.html,静态美术；未实现游戏逻辑、蒙皮动画或物理；定位基准不等于已验证机械接口
生存与采集,生存 / 采集 / 工艺制作,L1,l1.props.game_survival.knapped_axe_head,打制石斧头,收窄刃口与厚背分离的原始工具头；游戏用外观部件，交互和碰撞由接入引擎实现。,104,0.46 × 0.42 × 0.27,width / height / depth,true,通过,tools/game410/survival.py,library/parts/l1.props.game_survival.knapped_axe_head.json,library/thumbnails/l1.props.game_survival.knapped_axe_head.webp,library/thumbnails/l1.props.game_survival.knapped_axe_head.webp,docs/game410/index.html,静态美术；未实现游戏逻辑、蒙皮动画或物理；定位基准不等于已验证机械接口
生存与采集,生存 / 采集 / 工艺制作,L1,l1.props.game_survival.flint_arrowhead,菱脊燧石箭头,两面汇脊并带绑扎茎的箭头坯；游戏用外观部件，交互和碰撞由接入引擎实现。,16,0.22 × 0.36 × 0.05,width / height / depth,false,通过,tools/game410/survival.py,library/parts/l1.props.game_survival.flint_arrowhead.json,library/thumbnails/l1.props.game_survival.flint_arrowhead.webp,library/thumbnails/l1.props.game_survival.flint_arrowhead.webp,docs/game410/index.html,静态美术；未实现游戏逻辑、蒙皮动画或物理；定位基准不等于已验证机械接口
生存与采集,生存 / 采集 / 工艺制作,L1,l1.props.game_survival.hide_stretcher,系绳兽皮绷框,皮片与绷绳独立可见的制革框；游戏用外观部件，交互和碰撞由接入引擎实现。,284,0.92 × 1.13 × 0.06,width / height / depth,false,通过,tools/game410/survival.py,library/parts/l1.props.game_survival.hide_stretcher.json,library/thumbnails/l1.props.game_survival.hide_stretcher.webp,library/thumbnails/l1.props.game_survival.hide_stretcher.webp,docs/game410/index.html,静态美术；未实现游戏逻辑、蒙皮动画或物理；定位基准不等于已验证机械接口
生存与采集,生存 / 采集 / 工艺制作,L1,l1.props.game_survival.forked_rack_post,晾晒架叉口立柱,自然 Y 形承托，可接独立横杆；游戏用外观部件，交互和碰撞由接入引擎实现。,174,0.4 × 1.1 × 0.14,width / height / depth,true,通过,tools/game410/survival.py,library/parts/l1.props.game_survival.forked_rack_post.json,library/thumbnails/l1.props.game_survival.forked_rack_post.webp,library/thumbnails/l1.props.game_survival.forked_rack_post.webp,docs/game410/index.html,静态美术；未实现游戏逻辑、蒙皮动画或物理；定位基准不等于已验证机械接口
生存与采集,生存 / 采集 / 工艺制作,L1,l1.props.game_survival.charred_log,焦化劈柴段,营火用半劈木块，保留可读裂口与焦化面；游戏用外观部件，交互和碰撞由接入引擎实现。,248,0.34 × 0.3 × 0.96,width / height / depth,true,通过,tools/game410/survival.py,library/parts/l1.props.game_survival.charred_log.json,library/thumbnails/l1.props.game_survival.charred_log.webp,library/thumbnails/l1.props.game_survival.charred_log.webp,docs/game410/index.html,静态美术；未实现游戏逻辑、蒙皮动画或物理；定位基准不等于已验证机械接口
生存与采集,生存 / 采集 / 工艺制作,L1,l1.props.game_survival.kindling_bundle,绑扎引火细枝束,可拾取生火资源；两条绑绳约束枝束；游戏用外观部件，交互和碰撞由接入引擎实现。,620,0.3 × 0.21 × 0.8,width / height / depth,true,通过,tools/game410/survival.py,library/parts/l1.props.game_survival.kindling_bundle.json,library/thumbnails/l1.props.game_survival.kindling_bundle.webp,library/thumbnails/l1.props.game_survival.kindling_bundle.webp,docs/game410/index.html,静态美术；未实现游戏逻辑、蒙皮动画或物理；定位基准不等于已验证机械接口
生存与采集,生存 / 采集 / 工艺制作,L1,l1.props.game_survival.herb_bundle,系扎草药束,药材采集物的茎叶束轮廓；游戏用外观部件，交互和碰撞由接入引擎实现。,1192,0.32 × 0.65 × 0.1,width / height / depth,true,通过,tools/game410/survival.py,library/parts/l1.props.game_survival.herb_bundle.json,library/thumbnails/l1.props.game_survival.herb_bundle.webp,library/thumbnails/l1.props.game_survival.herb_bundle.webp,docs/game410/index.html,静态美术；未实现游戏逻辑、蒙皮动画或物理；定位基准不等于已验证机械接口
生存与采集,生存 / 采集 / 工艺制作,L1,l1.props.game_survival.waterskin,软皮水囊体,柔性囊体、收口和系绳的生存容器；游戏用外观部件，交互和碰撞由接入引擎实现。,440,0.56 × 0.7 × 0.18,width / height / depth,false,通过,tools/game410/survival.py,library/parts/l1.props.game_survival.waterskin.json,library/thumbnails/l1.props.game_survival.waterskin.webp,library/thumbnails/l1.props.game_survival.waterskin.webp,docs/game410/index.html,静态美术；未实现游戏逻辑、蒙皮动画或物理；定位基准不等于已验证机械接口
生存与采集,生存 / 采集 / 工艺制作,L1,l1.props.game_survival.tripod_crown,三脚炊架吊锅冠座,炊具吊点与三条支腿接口，不含火焰；游戏用外观部件，交互和碰撞由接入引擎实现。,356,0.64 × 0.4 × 0.64,width / height / depth,true,通过,tools/game410/survival.py,library/parts/l1.props.game_survival.tripod_crown.json,library/thumbnails/l1.props.game_survival.tripod_crown.webp,library/thumbnails/l1.props.game_survival.tripod_crown.webp,docs/game410/index.html,静态美术；未实现游戏逻辑、蒙皮动画或物理；定位基准不等于已验证机械接口
生存与采集,生存 / 采集 / 工艺制作,L1,l1.props.game_survival.fishtrap_funnel,鱼笼内收漏斗口,带内收通道的鱼笼口，水流空间真实开放；游戏用外观部件，交互和碰撞由接入引擎实现。,512,0.64 × 0.62 × 0.64,width / height / depth,true,通过,tools/game410/survival.py,library/parts/l1.props.game_survival.fishtrap_funnel.json,library/thumbnails/l1.props.game_survival.fishtrap_funnel.webp,library/thumbnails/l1.props.game_survival.fishtrap_funnel.webp,docs/game410/index.html,静态美术；未实现游戏逻辑、蒙皮动画或物理；定位基准不等于已验证机械接口
生存与采集,生存 / 采集 / 工艺制作,L1,l1.props.game_survival.basket_body,开放编筐壳体,有壁厚、筐底和拱形提梁的资源篮；游戏用外观部件，交互和碰撞由接入引擎实现。,876,0.9 × 0.87 × 0.84,width / height / depth,true,通过,tools/game410/survival.py,library/parts/l1.props.game_survival.basket_body.json,library/thumbnails/l1.props.game_survival.basket_body.webp,library/thumbnails/l1.props.game_survival.basket_body.webp,docs/game410/index.html,静态美术；未实现游戏逻辑、蒙皮动画或物理；定位基准不等于已验证机械接口
生存与采集,生存 / 采集 / 工艺制作,L1,l1.props.game_survival.bedroll,双带卷铺盖,营地睡具和背包挂载用卷状部件；游戏用外观部件，交互和碰撞由接入引擎实现。,652,0.5 × 0.46 × 0.7,width / height / depth,true,通过,tools/game410/survival.py,library/parts/l1.props.game_survival.bedroll.json,library/thumbnails/l1.props.game_survival.bedroll.webp,library/thumbnails/l1.props.game_survival.bedroll.webp,docs/game410/index.html,静态美术；未实现游戏逻辑、蒙皮动画或物理；定位基准不等于已验证机械接口
生存与采集,生存 / 采集 / 工艺制作,L2,l2-game410-survival,野外制革与采集样例,一组制革及采集部件组合，保留独立资源边界。,2536,由子装配决定,子部件参数,false,通过,tools/game410/examples.py,library/assemblies/l2-game410-survival.json,library/thumbnails/l2-game410-survival.webp,library/thumbnails/l2-game410-survival.webp,docs/game410/index.html,静态美术；未实现游戏逻辑、蒙皮动画或物理；定位基准不等于已验证机械接口
农场与园艺,种植 / 经营 / 乡村生活,L1,l1.terrain.game_farming.tilled_furrow,三垄耕地拼块,一米地块上的连续垄沟，可重复拼接；游戏用外观部件，交互和碰撞由接入引擎实现。,420,1 × 0.17 × 1,width / height / depth,false,通过,tools/game410/farming.py,library/parts/l1.terrain.game_farming.tilled_furrow.json,library/thumbnails/l1.terrain.game_farming.tilled_furrow.webp,library/thumbnails/l1.terrain.game_farming.tilled_furrow.webp,docs/game410/index.html,静态美术；未实现游戏逻辑、蒙皮动画或物理；定位基准不等于已验证机械接口
农场与园艺,种植 / 经营 / 乡村生活,L1,l1.nature.game_farming.rice_clump,成熟水稻丛,有弯穗和狭叶的水田成熟作物；游戏用外观部件，交互和碰撞由接入引擎实现。,1618,0.54 × 0.67 × 0.54,width / height / depth,true,通过,tools/game410/farming.py,library/parts/l1.nature.game_farming.rice_clump.json,library/thumbnails/l1.nature.game_farming.rice_clump.webp,library/thumbnails/l1.nature.game_farming.rice_clump.webp,docs/game410/index.html,静态美术；未实现游戏逻辑、蒙皮动画或物理；定位基准不等于已验证机械接口
农场与园艺,种植 / 经营 / 乡村生活,L1,l1.nature.game_farming.corn_husk,带苞叶玉米穗,可从植株分离的玉米收获物；游戏用外观部件，交互和碰撞由接入引擎实现。,3792,0.43 × 0.5 × 0.43,width / height / depth,true,通过,tools/game410/farming.py,library/parts/l1.nature.game_farming.corn_husk.json,library/thumbnails/l1.nature.game_farming.corn_husk.webp,library/thumbnails/l1.nature.game_farming.corn_husk.webp,docs/game410/index.html,静态美术；未实现游戏逻辑、蒙皮动画或物理；定位基准不等于已验证机械接口
农场与园艺,种植 / 经营 / 乡村生活,L1,l1.nature.game_farming.potato_foliage,马铃薯叶簇,低矮复叶冠层，可与地下块茎道具组合；游戏用外观部件，交互和碰撞由接入引擎实现。,900,0.67 × 0.4 × 0.6,width / height / depth,true,通过,tools/game410/farming.py,library/parts/l1.nature.game_farming.potato_foliage.json,library/thumbnails/l1.nature.game_farming.potato_foliage.webp,library/thumbnails/l1.nature.game_farming.potato_foliage.webp,docs/game410/index.html,静态美术；未实现游戏逻辑、蒙皮动画或物理；定位基准不等于已验证机械接口
农场与园艺,种植 / 经营 / 乡村生活,L1,l1.nature.game_farming.strawberry_crown,结果草莓冠丛,贴地草莓叶冠与可读红果组合；游戏用外观部件，交互和碰撞由接入引擎实现。,744,0.56 × 0.21 × 0.56,width / height / depth,true,通过,tools/game410/farming.py,library/parts/l1.nature.game_farming.strawberry_crown.json,library/thumbnails/l1.nature.game_farming.strawberry_crown.webp,library/thumbnails/l1.nature.game_farming.strawberry_crown.webp,docs/game410/index.html,静态美术；未实现游戏逻辑、蒙皮动画或物理；定位基准不等于已验证机械接口
农场与园艺,种植 / 经营 / 乡村生活,L1,l1.nature.game_farming.grape_cluster,垂挂葡萄果串,由宽肩收束到尾端的采收果串；游戏用外观部件，交互和碰撞由接入引擎实现。,984,0.34 × 0.55 × 0.3,width / height / depth,true,通过,tools/game410/farming.py,library/parts/l1.nature.game_farming.grape_cluster.json,library/thumbnails/l1.nature.game_farming.grape_cluster.webp,library/thumbnails/l1.nature.game_farming.grape_cluster.webp,docs/game410/index.html,静态美术；未实现游戏逻辑、蒙皮动画或物理；定位基准不等于已验证机械接口
农场与园艺,种植 / 经营 / 乡村生活,L1,l1.nature.game_farming.orchard_graft,果树嫁接分枝节,有绑扎层与双枝方向的嫁接节点；游戏用外观部件，交互和碰撞由接入引擎实现。,462,0.22 × 0.45 × 0.12,width / height / depth,true,通过,tools/game410/farming.py,library/parts/l1.nature.game_farming.orchard_graft.json,library/thumbnails/l1.nature.game_farming.orchard_graft.webp,library/thumbnails/l1.nature.game_farming.orchard_graft.webp,docs/game410/index.html,静态美术；未实现游戏逻辑、蒙皮动画或物理；定位基准不等于已验证机械接口
农场与园艺,种植 / 经营 / 乡村生活,L1,l1.props.game_farming.beehive_frame,蜂箱可抽巢框,有贯通六角孔格的可抽取蜂巢框；游戏用外观部件，交互和碰撞由接入引擎实现。,1376,0.5 × 0.515 × 0.08,width / height / depth,false,通过,tools/game410/farming.py,library/parts/l1.props.game_farming.beehive_frame.json,library/thumbnails/l1.props.game_farming.beehive_frame.webp,library/thumbnails/l1.props.game_farming.beehive_frame.webp,docs/game410/index.html,静态美术；未实现游戏逻辑、蒙皮动画或物理；定位基准不等于已验证机械接口
农场与园艺,种植 / 经营 / 乡村生活,L1,l1.props.game_farming.trough_end,饲料槽端口弧片,开放槽形接口，配合连续槽身使用；游戏用外观部件，交互和碰撞由接入引擎实现。,28,0.76 × 0.35 × 0.11,width / height / depth,false,通过,tools/game410/farming.py,library/parts/l1.props.game_farming.trough_end.json,library/thumbnails/l1.props.game_farming.trough_end.webp,library/thumbnails/l1.props.game_farming.trough_end.webp,docs/game410/index.html,静态美术；未实现游戏逻辑、蒙皮动画或物理；定位基准不等于已验证机械接口
农场与园艺,种植 / 经营 / 乡村生活,L1,l1.props.game_farming.sluice_board,农渠提拉闸板,可独立竖直移动的灌溉闸板；不含流体模拟；游戏用外观部件，交互和碰撞由接入引擎实现。,324,0.55 × 0.585 × 0.067,width / height / depth,true,通过,tools/game410/farming.py,library/parts/l1.props.game_farming.sluice_board.json,library/thumbnails/l1.props.game_farming.sluice_board.webp,library/thumbnails/l1.props.game_farming.sluice_board.webp,docs/game410/index.html,静态美术；未实现游戏逻辑、蒙皮动画或物理；定位基准不等于已验证机械接口
农场与园艺,种植 / 经营 / 乡村生活,L1,l1.nature.game_farming.straw_hand,稻草人散束手端,从绑束到散开草梗的角色替代手部；游戏用外观部件，交互和碰撞由接入引擎实现。,314,0.29 × 0.32 × 0.11,width / height / depth,true,通过,tools/game410/farming.py,library/parts/l1.nature.game_farming.straw_hand.json,library/thumbnails/l1.nature.game_farming.straw_hand.webp,library/thumbnails/l1.nature.game_farming.straw_hand.webp,docs/game410/index.html,静态美术；未实现游戏逻辑、蒙皮动画或物理；定位基准不等于已验证机械接口
农场与园艺,种植 / 经营 / 乡村生活,L1,l1.props.game_farming.fan_trellis,扇形攀藤格架,花园与菜园用扇形重复支架；游戏用外观部件，交互和碰撞由接入引擎实现。,84,1.15 × 1.25 × 0.04,width / height / depth,false,通过,tools/game410/farming.py,library/parts/l1.props.game_farming.fan_trellis.json,library/thumbnails/l1.props.game_farming.fan_trellis.webp,library/thumbnails/l1.props.game_farming.fan_trellis.webp,docs/game410/index.html,静态美术；未实现游戏逻辑、蒙皮动画或物理；定位基准不等于已验证机械接口
农场与园艺,种植 / 经营 / 乡村生活,L2,l2-game410-farming,葡萄架与果丛样例,将收获物悬挂在支架上的简单园艺组合，作物生长逻辑不在本模型中。,2796,由子装配决定,子部件参数,false,通过,tools/game410/examples.py,library/assemblies/l2-game410-farming.json,library/thumbnails/l2-game410-farming.webp,library/thumbnails/l2-game410-farming.webp,docs/game410/index.html,静态美术；未实现游戏逻辑、蒙皮动画或物理；定位基准不等于已验证机械接口
科幻舱室,科幻探索 / 空间站 / 舰船内饰,L1,l1.architecture.game_scifi.bulkhead_frame,切角舱门框,有开放通道与独立门叶基准的舱壁门框；游戏用外观部件，交互和碰撞由接入引擎实现。,176,2 × 2.65 × 0.42,width / height / depth,true,通过,tools/game410/scifi.py,library/parts/l1.architecture.game_scifi.bulkhead_frame.json,library/thumbnails/l1.architecture.game_scifi.bulkhead_frame.webp,library/thumbnails/l1.architecture.game_scifi.bulkhead_frame.webp,docs/game410/index.html,静态美术；未实现游戏逻辑、蒙皮动画或物理；定位基准不等于已验证机械接口
科幻舱室,科幻探索 / 空间站 / 舰船内饰,L1,l1.architecture.game_scifi.bulkhead_leaf,舱门独立闭合叶,匹配切角舱框的独立滑动门叶；不开假孔；游戏用外观部件，交互和碰撞由接入引擎实现。,140,1.32 × 2.31 × 0.22,width / height / depth,true,通过,tools/game410/scifi.py,library/parts/l1.architecture.game_scifi.bulkhead_leaf.json,library/thumbnails/l1.architecture.game_scifi.bulkhead_leaf.webp,library/thumbnails/l1.architecture.game_scifi.bulkhead_leaf.webp,docs/game410/index.html,静态美术；未实现游戏逻辑、蒙皮动画或物理；定位基准不等于已验证机械接口
科幻舱室,科幻探索 / 空间站 / 舰船内饰,L1,l1.architecture.game_scifi.corridor_rib,六折角廊道支肋,科幻走廊结构节律用开放支肋；游戏用外观部件，交互和碰撞由接入引擎实现。,132,2.08 × 2.4 × 0.24,width / height / depth,true,通过,tools/game410/scifi.py,library/parts/l1.architecture.game_scifi.corridor_rib.json,library/thumbnails/l1.architecture.game_scifi.corridor_rib.webp,library/thumbnails/l1.architecture.game_scifi.corridor_rib.webp,docs/game410/index.html,静态美术；未实现游戏逻辑、蒙皮动画或物理；定位基准不等于已验证机械接口
科幻舱室,科幻探索 / 空间站 / 舰船内饰,L1,l1.architecture.game_scifi.service_hatch,带握槽检修盖板,有实际提握槽的可拆卸地板或墙板；游戏用外观部件，交互和碰撞由接入引擎实现。,300,0.95 × 0.95 × 0.1,width / height / depth,true,通过,tools/game410/scifi.py,library/parts/l1.architecture.game_scifi.service_hatch.json,library/thumbnails/l1.architecture.game_scifi.service_hatch.webp,library/thumbnails/l1.architecture.game_scifi.service_hatch.webp,docs/game410/index.html,静态美术；未实现游戏逻辑、蒙皮动画或物理；定位基准不等于已验证机械接口
科幻舱室,科幻探索 / 空间站 / 舰船内饰,L1,l1.architecture.game_scifi.cable_tray_elbow,开放线槽九十度弯头,有壁厚且保持上方开口的桥架弯头；游戏用外观部件，交互和碰撞由接入引擎实现。,204,0.8 × 0.35 × 0.8,width / height / depth,false,通过,tools/game410/scifi.py,library/parts/l1.architecture.game_scifi.cable_tray_elbow.json,library/thumbnails/l1.architecture.game_scifi.cable_tray_elbow.webp,library/thumbnails/l1.architecture.game_scifi.cable_tray_elbow.webp,docs/game410/index.html,静态美术；未实现游戏逻辑、蒙皮动画或物理；定位基准不等于已验证机械接口
科幻舱室,科幻探索 / 空间站 / 舰船内饰,L1,l1.architecture.game_scifi.conduit_branch,T形线缆护管节点,外观线缆护管分流节点，不作为内部流体布尔模型；游戏用外观部件，交互和碰撞由接入引擎实现。,480,1.08 × 0.25 × 0.66,width / height / depth,true,通过,tools/game410/scifi.py,library/parts/l1.architecture.game_scifi.conduit_branch.json,library/thumbnails/l1.architecture.game_scifi.conduit_branch.webp,library/thumbnails/l1.architecture.game_scifi.conduit_branch.webp,docs/game410/index.html,静态美术；未实现游戏逻辑、蒙皮动画或物理；定位基准不等于已验证机械接口
科幻舱室,科幻探索 / 空间站 / 舰船内饰,L1,l1.architecture.game_scifi.cryopod_shell,休眠舱开放壳体,顶部开放、有端壁和壁厚的休眠舱壳；游戏用外观部件，交互和碰撞由接入引擎实现。,580,1 × 0.66 × 1.96,width / height / depth,true,通过,tools/game410/scifi.py,library/parts/l1.architecture.game_scifi.cryopod_shell.json,library/thumbnails/l1.architecture.game_scifi.cryopod_shell.webp,library/thumbnails/l1.architecture.game_scifi.cryopod_shell.webp,docs/game410/index.html,静态美术；未实现游戏逻辑、蒙皮动画或物理；定位基准不等于已验证机械接口
科幻舱室,科幻探索 / 空间站 / 舰船内饰,L1,l1.architecture.game_scifi.coil_carrier,反应堆线圈支架,保留中央通道的环形线圈载架；游戏用外观部件，交互和碰撞由接入引擎实现。,760,0.92 × 1.04 × 0.4,width / height / depth,true,通过,tools/game410/scifi.py,library/parts/l1.architecture.game_scifi.coil_carrier.json,library/thumbnails/l1.architecture.game_scifi.coil_carrier.webp,library/thumbnails/l1.architecture.game_scifi.coil_carrier.webp,docs/game410/index.html,静态美术；未实现游戏逻辑、蒙皮动画或物理；定位基准不等于已验证机械接口
科幻舱室,科幻探索 / 空间站 / 舰船内饰,L1,l1.architecture.game_scifi.hologram_base,全息投影空心底座,独立发光透镜与外框，不包含全息粒子特效；游戏用外观部件，交互和碰撞由接入引擎实现。,512,0.98 × 0.24 × 0.98,width / height / depth,true,通过,tools/game410/scifi.py,library/parts/l1.architecture.game_scifi.hologram_base.json,library/thumbnails/l1.architecture.game_scifi.hologram_base.webp,library/thumbnails/l1.architecture.game_scifi.hologram_base.webp,docs/game410/index.html,静态美术；未实现游戏逻辑、蒙皮动画或物理；定位基准不等于已验证机械接口
科幻舱室,科幻探索 / 空间站 / 舰船内饰,L1,l1.architecture.game_scifi.canister_socket,三爪能源罐底座,能量罐安装底杯，中央保留放置空间；游戏用外观部件，交互和碰撞由接入引擎实现。,324,0.64 × 0.375 × 0.64,width / height / depth,false,通过,tools/game410/scifi.py,library/parts/l1.architecture.game_scifi.canister_socket.json,library/thumbnails/l1.architecture.game_scifi.canister_socket.webp,library/thumbnails/l1.architecture.game_scifi.canister_socket.webp,docs/game410/index.html,静态美术；未实现游戏逻辑、蒙皮动画或物理；定位基准不等于已验证机械接口
科幻舱室,科幻探索 / 空间站 / 舰船内饰,L1,l1.architecture.game_scifi.docking_seal,中空对接密封环,舱段连接处具有真实孔径的软硬结合密封环；游戏用外观部件，交互和碰撞由接入引擎实现。,816,1.64 × 0.18 × 1.64,width / height / depth,true,通过,tools/game410/scifi.py,library/parts/l1.architecture.game_scifi.docking_seal.json,library/thumbnails/l1.architecture.game_scifi.docking_seal.webp,library/thumbnails/l1.architecture.game_scifi.docking_seal.webp,docs/game410/index.html,静态美术；未实现游戏逻辑、蒙皮动画或物理；定位基准不等于已验证机械接口
科幻舱室,科幻探索 / 空间站 / 舰船内饰,L1,l1.architecture.game_scifi.thruster_bell,内凹钟形推进喷口,内外表面连续且出口开放的推进器钟罩；游戏用外观部件，交互和碰撞由接入引擎实现。,560,0.86 × 0.7 × 0.86,width / height / depth,true,通过,tools/game410/scifi.py,library/parts/l1.architecture.game_scifi.thruster_bell.json,library/thumbnails/l1.architecture.game_scifi.thruster_bell.webp,library/thumbnails/l1.architecture.game_scifi.thruster_bell.webp,docs/game410/index.html,静态美术；未实现游戏逻辑、蒙皮动画或物理；定位基准不等于已验证机械接口
科幻舱室,科幻探索 / 空间站 / 舰船内饰,L2,l2-game410-scifi,科幻舱门闭合装配,舱框与配套门叶的静态闭合状态；叶片仍为独立可平移节点。,448,由子装配决定,子部件参数,false,通过,tools/game410/examples.py,library/assemblies/l2-game410-scifi.json,library/thumbnails/l2-game410-scifi.webp,library/thumbnails/l2-game410-scifi.webp,docs/game410/index.html,静态美术；未实现游戏逻辑、蒙皮动画或物理；定位基准不等于已验证机械接口
机械与自动化,工厂 / 自动化 / 机器人,L1,l1.robot.game_automation.track_sprocket,履带主动链轮,十二齿主动轮与贯通轴孔；游戏用外观部件，交互和碰撞由接入引擎实现。,616,0.78 × 0.78 × 0.15,width / height / depth,true,通过,tools/game410/automation.py,library/parts/l1.robot.game_automation.track_sprocket.json,library/thumbnails/l1.robot.game_automation.track_sprocket.webp,library/thumbnails/l1.robot.game_automation.track_sprocket.webp,docs/game410/index.html,静态美术；未实现游戏逻辑、蒙皮动画或物理；定位基准不等于已验证机械接口
机械与自动化,工厂 / 自动化 / 机器人,L1,l1.robot.game_automation.rubber_track_link,橡胶履带单节,可沿路径重复排列的带销孔履带节；游戏用外观部件，交互和碰撞由接入引擎实现。,336,0.52 × 0.107 × 0.33,width / height / depth,false,通过,tools/game410/automation.py,library/parts/l1.robot.game_automation.rubber_track_link.json,library/thumbnails/l1.robot.game_automation.rubber_track_link.webp,library/thumbnails/l1.robot.game_automation.rubber_track_link.webp,docs/game410/index.html,静态美术；未实现游戏逻辑、蒙皮动画或物理；定位基准不等于已验证机械接口
机械与自动化,工厂 / 自动化 / 机器人,L1,l1.robot.game_automation.mecanum_hub,斜辊全向轮外观,倾斜滚子可读的机器人轮模块；未实现全向轮物理；游戏用外观部件，交互和碰撞由接入引擎实现。,784,0.73 × 0.43 × 0.73,width / height / depth,false,通过,tools/game410/automation.py,library/parts/l1.robot.game_automation.mecanum_hub.json,library/thumbnails/l1.robot.game_automation.mecanum_hub.webp,library/thumbnails/l1.robot.game_automation.mecanum_hub.webp,docs/game410/index.html,静态美术；未实现游戏逻辑、蒙皮动画或物理；定位基准不等于已验证机械接口
机械与自动化,工厂 / 自动化 / 机器人,L1,l1.robot.game_automation.omni_roller,全向轮鼓形滚子,两端轴颈与鼓形胎面的独立轮缘滚子；游戏用外观部件，交互和碰撞由接入引擎实现。,200,0.2 × 0.325 × 0.2,width / height / depth,false,通过,tools/game410/automation.py,library/parts/l1.robot.game_automation.omni_roller.json,library/thumbnails/l1.robot.game_automation.omni_roller.webp,library/thumbnails/l1.robot.game_automation.omni_roller.webp,docs/game410/index.html,静态美术；未实现游戏逻辑、蒙皮动画或物理；定位基准不等于已验证机械接口
机械与自动化,工厂 / 自动化 / 机器人,L1,l1.robot.game_automation.scissor_link,三孔剪叉升降连杆,两个端轴孔与中央枢孔共面的剪叉臂；游戏用外观部件，交互和碰撞由接入引擎实现。,292,0.2 × 1 × 0.08,width / height / depth,true,通过,tools/game410/automation.py,library/parts/l1.robot.game_automation.scissor_link.json,library/thumbnails/l1.robot.game_automation.scissor_link.webp,library/thumbnails/l1.robot.game_automation.scissor_link.webp,docs/game410/index.html,静态美术；未实现游戏逻辑、蒙皮动画或物理；定位基准不等于已验证机械接口
机械与自动化,工厂 / 自动化 / 机器人,L1,l1.robot.game_automation.threejaw_finger,三爪夹具弯指,弯指和接触垫分离，可旋转复制成三指夹具；游戏用外观部件，交互和碰撞由接入引擎实现。,120,0.25 × 0.55 × 0.085,width / height / depth,false,通过,tools/game410/automation.py,library/parts/l1.robot.game_automation.threejaw_finger.json,library/thumbnails/l1.robot.game_automation.threejaw_finger.webp,library/thumbnails/l1.robot.game_automation.threejaw_finger.webp,docs/game410/index.html,静态美术；未实现游戏逻辑、蒙皮动画或物理；定位基准不等于已验证机械接口
机械与自动化,工厂 / 自动化 / 机器人,L1,l1.robot.game_automation.gimbal_ring,双轴传感器环架,通光开口及两侧枢轴的独立环形架；游戏用外观部件，交互和碰撞由接入引擎实现。,272,0.84 × 0.62 × 0.1,width / height / depth,false,通过,tools/game410/automation.py,library/parts/l1.robot.game_automation.gimbal_ring.json,library/thumbnails/l1.robot.game_automation.gimbal_ring.webp,library/thumbnails/l1.robot.game_automation.gimbal_ring.webp,docs/game410/index.html,静态美术；未实现游戏逻辑、蒙皮动画或物理；定位基准不等于已验证机械接口
机械与自动化,工厂 / 自动化 / 机器人,L1,l1.robot.game_automation.charging_contacts,双片回充触点座,电气隔离的双触点外观；无充电逻辑；游戏用外观部件，交互和碰撞由接入引擎实现。,84,0.33 × 0.23 × 0.22,width / height / depth,false,通过,tools/game410/automation.py,library/parts/l1.robot.game_automation.charging_contacts.json,library/thumbnails/l1.robot.game_automation.charging_contacts.webp,library/thumbnails/l1.robot.game_automation.charging_contacts.webp,docs/game410/index.html,静态美术；未实现游戏逻辑、蒙皮动画或物理；定位基准不等于已验证机械接口
机械与自动化,工厂 / 自动化 / 机器人,L1,l1.robot.game_automation.transfer_comb,传送线过渡梳板,从输送带到台面的梳齿形过渡件；游戏用外观部件，交互和碰撞由接入引擎实现。,396,0.68 × 0.105 × 0.55,width / height / depth,false,通过,tools/game410/automation.py,library/parts/l1.robot.game_automation.transfer_comb.json,library/thumbnails/l1.robot.game_automation.transfer_comb.webp,library/thumbnails/l1.robot.game_automation.transfer_comb.webp,docs/game410/index.html,静态美术；未实现游戏逻辑、蒙皮动画或物理；定位基准不等于已验证机械接口
机械与自动化,工厂 / 自动化 / 机器人,L1,l1.robot.game_automation.fourport_block,四接口配管歧座,四个独立可见孔口的管线外观分配块；非流体求解网格；游戏用外观部件，交互和碰撞由接入引擎实现。,428,0.44 × 0.5 × 0.6,width / height / depth,false,通过,tools/game410/automation.py,library/parts/l1.robot.game_automation.fourport_block.json,library/thumbnails/l1.robot.game_automation.fourport_block.webp,library/thumbnails/l1.robot.game_automation.fourport_block.webp,docs/game410/index.html,静态美术；未实现游戏逻辑、蒙皮动画或物理；定位基准不等于已验证机械接口
机械与自动化,工厂 / 自动化 / 机器人,L1,l1.robot.game_automation.quick_coupler,中空气路快接头,管路连接用六角／环套相间的空心接头；游戏用外观部件，交互和碰撞由接入引擎实现。,336,0.156 × 0.26 × 0.156,width / height / depth,true,通过,tools/game410/automation.py,library/parts/l1.robot.game_automation.quick_coupler.json,library/thumbnails/l1.robot.game_automation.quick_coupler.webp,library/thumbnails/l1.robot.game_automation.quick_coupler.webp,docs/game410/index.html,静态美术；未实现游戏逻辑、蒙皮动画或物理；定位基准不等于已验证机械接口
机械与自动化,工厂 / 自动化 / 机器人,L1,l1.robot.game_automation.hydraulic_hose_loop,U形液压软管,可见内孔及两端套箍的弯曲软管；游戏用外观部件，交互和碰撞由接入引擎实现。,832,0.755 × 0.37 × 0.135,width / height / depth,false,通过,tools/game410/automation.py,library/parts/l1.robot.game_automation.hydraulic_hose_loop.json,library/thumbnails/l1.robot.game_automation.hydraulic_hose_loop.webp,library/thumbnails/l1.robot.game_automation.hydraulic_hose_loop.webp,docs/game410/index.html,静态美术；未实现游戏逻辑、蒙皮动画或物理；定位基准不等于已验证机械接口
机械与自动化,工厂 / 自动化 / 机器人,L2,l2-game410-automation,三指机械夹具静态装配,环架与三只独立指体，尚未绑定驱动、接触和抓取物理。,632,由子装配决定,子部件参数,false,通过,tools/game410/examples.py,library/assemblies/l2-game410-automation.json,library/thumbnails/l2-game410-automation.webp,library/thumbnails/l2-game410-automation.webp,docs/game410/index.html,静态美术；未实现游戏逻辑、蒙皮动画或物理；定位基准不等于已验证机械接口
异形与小型生物,怪物 / 虫类 / 两栖 / 水生,L1,l1.creature.game_creature.arthropod_thorax,节肢胸甲躯段,有前后收颈和腹面分层的节肢胸段；游戏用外观部件，交互和碰撞由接入引擎实现。,148,0.58 × 0.5 × 0.75,width / height / depth,true,通过,tools/game410/creature.py,library/parts/l1.creature.game_creature.arthropod_thorax.json,library/thumbnails/l1.creature.game_creature.arthropod_thorax.webp,library/thumbnails/l1.creature.game_creature.arthropod_thorax.webp,docs/game410/index.html,静态美术；未实现游戏逻辑、蒙皮动画或物理；定位基准不等于已验证机械接口
异形与小型生物,怪物 / 虫类 / 两栖 / 水生,L1,l1.creature.game_creature.beetle_head,甲虫头与内扣口器,扁颅、复眼与内弯口器的虫类头部；游戏用外观部件，交互和碰撞由接入引擎实现。,356,0.64 × 0.49 × 0.56,width / height / depth,true,通过,tools/game410/creature.py,library/parts/l1.creature.game_creature.beetle_head.json,library/thumbnails/l1.creature.game_creature.beetle_head.webp,library/thumbnails/l1.creature.game_creature.beetle_head.webp,docs/game410/index.html,静态美术；未实现游戏逻辑、蒙皮动画或物理；定位基准不等于已验证机械接口
异形与小型生物,怪物 / 虫类 / 两栖 / 水生,L1,l1.creature.game_creature.raptorial_forelimb,螳形捕捉前肢,带内缘棘列和折返胫节的捕捉型前肢；游戏用外观部件，交互和碰撞由接入引擎实现。,160,0.4 × 0.66 × 0.14,width / height / depth,true,通过,tools/game410/creature.py,library/parts/l1.creature.game_creature.raptorial_forelimb.json,library/thumbnails/l1.creature.game_creature.raptorial_forelimb.webp,library/thumbnails/l1.creature.game_creature.raptorial_forelimb.webp,docs/game410/index.html,静态美术；未实现游戏逻辑、蒙皮动画或物理；定位基准不等于已验证机械接口
异形与小型生物,怪物 / 虫类 / 两栖 / 水生,L1,l1.creature.game_creature.spider_leg,三折蜘蛛步足,由胸段向外落地的分节步足；游戏用外观部件，交互和碰撞由接入引擎实现。,156,0.97 × 0.81 × 0.18,width / height / depth,true,通过,tools/game410/creature.py,library/parts/l1.creature.game_creature.spider_leg.json,library/thumbnails/l1.creature.game_creature.spider_leg.webp,library/thumbnails/l1.creature.game_creature.spider_leg.webp,docs/game410/index.html,静态美术；未实现游戏逻辑、蒙皮动画或物理；定位基准不等于已验证机械接口
异形与小型生物,怪物 / 虫类 / 两栖 / 水生,L1,l1.creature.game_creature.crab_pincer,蟹钳开合爪端,保持夹口空隙的左右钳指外观；游戏用外观部件，交互和碰撞由接入引擎实现。,224,0.44 × 0.35 × 0.7,width / height / depth,true,通过,tools/game410/creature.py,library/parts/l1.creature.game_creature.crab_pincer.json,library/thumbnails/l1.creature.game_creature.crab_pincer.webp,library/thumbnails/l1.creature.game_creature.crab_pincer.webp,docs/game410/index.html,静态美术；未实现游戏逻辑、蒙皮动画或物理；定位基准不等于已验证机械接口
异形与小型生物,怪物 / 虫类 / 两栖 / 水生,L1,l1.creature.game_creature.scorpion_stinger,上卷蝎尾毒针节,尾根、腹针囊与向前下钩的针尖；游戏用外观部件，交互和碰撞由接入引擎实现。,276,0.19 × 0.53 × 0.47,width / height / depth,true,通过,tools/game410/creature.py,library/parts/l1.creature.game_creature.scorpion_stinger.json,library/thumbnails/l1.creature.game_creature.scorpion_stinger.webp,library/thumbnails/l1.creature.game_creature.scorpion_stinger.webp,docs/game410/index.html,静态美术；未实现游戏逻辑、蒙皮动画或物理；定位基准不等于已验证机械接口
异形与小型生物,怪物 / 虫类 / 两栖 / 水生,L1,l1.creature.game_creature.tail_spade,龙尾菱脊箭叶,从窄尾根展开并汇尖的尾端骨片；游戏用外观部件，交互和碰撞由接入引擎实现。,14,0.5 × 0.55 × 0.14,width / height / depth,false,通过,tools/game410/creature.py,library/parts/l1.creature.game_creature.tail_spade.json,library/thumbnails/l1.creature.game_creature.tail_spade.webp,library/thumbnails/l1.creature.game_creature.tail_spade.webp,docs/game410/index.html,静态美术；未实现游戏逻辑、蒙皮动画或物理；定位基准不等于已验证机械接口
异形与小型生物,怪物 / 虫类 / 两栖 / 水生,L1,l1.creature.game_creature.dorsal_sail,分肋背帆片,可沿脊背装配的薄膜背帆与骨肋；游戏用外观部件，交互和碰撞由接入引擎实现。,96,0.94 × 0.75 × 0.065,width / height / depth,true,通过,tools/game410/creature.py,library/parts/l1.creature.game_creature.dorsal_sail.json,library/thumbnails/l1.creature.game_creature.dorsal_sail.webp,library/thumbnails/l1.creature.game_creature.dorsal_sail.webp,docs/game410/index.html,静态美术；未实现游戏逻辑、蒙皮动画或物理；定位基准不等于已验证机械接口
异形与小型生物,怪物 / 虫类 / 两栖 / 水生,L1,l1.creature.game_creature.frog_head,蛙类宽吻头,宽扁吻、上置眼与连续下颌的两栖头部；游戏用外观部件，交互和碰撞由接入引擎实现。,604,0.69 × 0.43 × 0.57,width / height / depth,true,通过,tools/game410/creature.py,library/parts/l1.creature.game_creature.frog_head.json,library/thumbnails/l1.creature.game_creature.frog_head.webp,library/thumbnails/l1.creature.game_creature.frog_head.webp,docs/game410/index.html,静态美术；未实现游戏逻辑、蒙皮动画或物理；定位基准不等于已验证机械接口
异形与小型生物,怪物 / 虫类 / 两栖 / 水生,L1,l1.creature.game_creature.amphibian_torso,两栖扁腹躯体,背腹分层、前颈和后骨盆收束的躯段；游戏用外观部件，交互和碰撞由接入引擎实现。,172,0.58 × 0.39 × 0.64,width / height / depth,true,通过,tools/game410/creature.py,library/parts/l1.creature.game_creature.amphibian_torso.json,library/thumbnails/l1.creature.game_creature.amphibian_torso.webp,library/thumbnails/l1.creature.game_creature.amphibian_torso.webp,docs/game410/index.html,静态美术；未实现游戏逻辑、蒙皮动画或物理；定位基准不等于已验证机械接口
异形与小型生物,怪物 / 虫类 / 两栖 / 水生,L1,l1.creature.game_creature.gecko_toepad,五趾吸附掌端,细趾与扁平末端趾垫清晰分离的壁虎足；游戏用外观部件，交互和碰撞由接入引擎实现。,444,0.36 × 0.15 × 0.45,width / height / depth,false,通过,tools/game410/creature.py,library/parts/l1.creature.game_creature.gecko_toepad.json,library/thumbnails/l1.creature.game_creature.gecko_toepad.webp,library/thumbnails/l1.creature.game_creature.gecko_toepad.webp,docs/game410/index.html,静态美术；未实现游戏逻辑、蒙皮动画或物理；定位基准不等于已验证机械接口
异形与小型生物,怪物 / 虫类 / 两栖 / 水生,L1,l1.creature.game_creature.forked_caudal_fin,深叉鱼尾鳍,中央叉缺和分区鳍条的独立尾鳍；游戏用外观部件，交互和碰撞由接入引擎实现。,116,0.52 × 0.38 × 0.036,width / height / depth,true,通过,tools/game410/creature.py,library/parts/l1.creature.game_creature.forked_caudal_fin.json,library/thumbnails/l1.creature.game_creature.forked_caudal_fin.webp,library/thumbnails/l1.creature.game_creature.forked_caudal_fin.webp,docs/game410/index.html,静态美术；未实现游戏逻辑、蒙皮动画或物理；定位基准不等于已验证机械接口
异形与小型生物,怪物 / 虫类 / 两栖 / 水生,L2,l2-game410-creature,节肢前躯与六足装配,头、胸和六条独立步足的静态骨架前躯示例，不是完整蒙皮角色。,1440,由子装配决定,子部件参数,false,通过,tools/game410/examples.py,library/assemblies/l2-game410-creature.json,library/thumbnails/l2-game410-creature.webp,library/thumbnails/l2-game410-creature.webp,docs/game410/index.html,静态美术；未实现游戏逻辑、蒙皮动画或物理；定位基准不等于已验证机械接口
冒险装备,角色穿戴 / 武器外观 / 飞行装备,L1,l1.character.game_equipment.knee_guard,三段叠片护膝,膝盖正面叠片护甲，保留后方绑带安装面；游戏用外观部件，交互和碰撞由接入引擎实现。,176,0.32 × 0.38 × 0.13,width / height / depth,true,通过,tools/game410/equipment.py,library/parts/l1.character.game_equipment.knee_guard.json,library/thumbnails/l1.character.game_equipment.knee_guard.webp,library/thumbnails/l1.character.game_equipment.knee_guard.webp,docs/game410/index.html,静态美术；未实现游戏逻辑、蒙皮动画或物理；定位基准不等于已验证机械接口
冒险装备,角色穿戴 / 武器外观 / 飞行装备,L1,l1.character.game_equipment.fingerless_gauntlet,露指护手套壳,开放腕孔与掌背装甲，不包含可动画手指；游戏用外观部件，交互和碰撞由接入引擎实现。,364,0.28 × 0.39 × 0.27,width / height / depth,true,通过,tools/game410/equipment.py,library/parts/l1.character.game_equipment.fingerless_gauntlet.json,library/thumbnails/l1.character.game_equipment.fingerless_gauntlet.webp,library/thumbnails/l1.character.game_equipment.fingerless_gauntlet.webp,docs/game410/index.html,静态美术；未实现游戏逻辑、蒙皮动画或物理；定位基准不等于已验证机械接口
冒险装备,角色穿戴 / 武器外观 / 飞行装备,L1,l1.character.game_equipment.boot_cuff,开放装甲靴护踝,有贯通腿孔的靴口护甲圈；游戏用外观部件，交互和碰撞由接入引擎实现。,156,0.3 × 0.24 × 0.34,width / height / depth,true,通过,tools/game410/equipment.py,library/parts/l1.character.game_equipment.boot_cuff.json,library/thumbnails/l1.character.game_equipment.boot_cuff.webp,library/thumbnails/l1.character.game_equipment.boot_cuff.webp,docs/game410/index.html,静态美术；未实现游戏逻辑、蒙皮动画或物理；定位基准不等于已验证机械接口
冒险装备,角色穿戴 / 武器外观 / 飞行装备,L1,l1.character.game_equipment.open_quiver,开放箭袋壳,箭袋空腔、袋底与背带；箭由外部部件提供；游戏用外观部件，交互和碰撞由接入引擎实现。,580,0.45 × 0.71 × 0.35,width / height / depth,true,通过,tools/game410/equipment.py,library/parts/l1.character.game_equipment.open_quiver.json,library/thumbnails/l1.character.game_equipment.open_quiver.webp,library/thumbnails/l1.character.game_equipment.open_quiver.webp,docs/game410/index.html,静态美术；未实现游戏逻辑、蒙皮动画或物理；定位基准不等于已验证机械接口
冒险装备,角色穿戴 / 武器外观 / 飞行装备,L1,l1.character.game_equipment.shield_boss,铆边圆盾中央护脐,空心拱形盾脐和可识别铆边；游戏用外观部件，交互和碰撞由接入引擎实现。,480,0.49 × 0.24 × 0.49,width / height / depth,true,通过,tools/game410/equipment.py,library/parts/l1.character.game_equipment.shield_boss.json,library/thumbnails/l1.character.game_equipment.shield_boss.webp,library/thumbnails/l1.character.game_equipment.shield_boss.webp,docs/game410/index.html,静态美术；未实现游戏逻辑、蒙皮动画或物理；定位基准不等于已验证机械接口
冒险装备,角色穿戴 / 武器外观 / 飞行装备,L1,l1.character.game_equipment.curved_sabre_blade,弧刃单脊刀身,有可读弯曲轮廓与菱形截面的游戏武器刀身；游戏用外观部件，交互和碰撞由接入引擎实现。,36,0.39 × 0.97 × 0.032,width / height / depth,false,通过,tools/game410/equipment.py,library/parts/l1.character.game_equipment.curved_sabre_blade.json,library/thumbnails/l1.character.game_equipment.curved_sabre_blade.webp,library/thumbnails/l1.character.game_equipment.curved_sabre_blade.webp,docs/game410/index.html,静态美术；未实现游戏逻辑、蒙皮动画或物理；定位基准不等于已验证机械接口
冒险装备,角色穿戴 / 武器外观 / 飞行装备,L1,l1.character.game_equipment.crossbow_stock,手持弩托木坯,角色手持弩的独立枪托式木坯，不含弦或发射逻辑；游戏用外观部件，交互和碰撞由接入引擎实现。,120,0.26 × 0.92 × 0.125,width / height / depth,true,通过,tools/game410/equipment.py,library/parts/l1.character.game_equipment.crossbow_stock.json,library/thumbnails/l1.character.game_equipment.crossbow_stock.webp,library/thumbnails/l1.character.game_equipment.crossbow_stock.webp,docs/game410/index.html,静态美术；未实现游戏逻辑、蒙皮动画或物理；定位基准不等于已验证机械接口
冒险装备,角色穿戴 / 武器外观 / 飞行装备,L1,l1.character.game_equipment.crossbow_limb,反曲弩臂横片,有反曲端部和中央安装面的横向弩臂；游戏用外观部件，交互和碰撞由接入引擎实现。,124,1.22 × 0.15 × 0.1,width / height / depth,true,通过,tools/game410/equipment.py,library/parts/l1.character.game_equipment.crossbow_limb.json,library/thumbnails/l1.character.game_equipment.crossbow_limb.webp,library/thumbnails/l1.character.game_equipment.crossbow_limb.webp,docs/game410/index.html,静态美术；未实现游戏逻辑、蒙皮动画或物理；定位基准不等于已验证机械接口
冒险装备,角色穿戴 / 武器外观 / 飞行装备,L1,l1.character.game_equipment.orb_claw,三爪法球承托,法杖和祭坛通用的中空三爪球体承托；游戏用外观部件，交互和碰撞由接入引擎实现。,204,0.45 × 0.46 × 0.45,width / height / depth,false,通过,tools/game410/equipment.py,library/parts/l1.character.game_equipment.orb_claw.json,library/thumbnails/l1.character.game_equipment.orb_claw.webp,library/thumbnails/l1.character.game_equipment.orb_claw.webp,docs/game410/index.html,静态美术；未实现游戏逻辑、蒙皮动画或物理；定位基准不等于已验证机械接口
冒险装备,角色穿戴 / 武器外观 / 飞行装备,L1,l1.character.game_equipment.climbing_harness,腰腿分离攀爬束带,角色腰带与两侧腿带外观；需按角色体型适配；游戏用外观部件，交互和碰撞由接入引擎实现。,608,0.4 × 0.32 × 0.42,width / height / depth,true,通过,tools/game410/equipment.py,library/parts/l1.character.game_equipment.climbing_harness.json,library/thumbnails/l1.character.game_equipment.climbing_harness.webp,library/thumbnails/l1.character.game_equipment.climbing_harness.webp,docs/game410/index.html,静态美术；未实现游戏逻辑、蒙皮动画或物理；定位基准不等于已验证机械接口
冒险装备,角色穿戴 / 武器外观 / 飞行装备,L1,l1.character.game_equipment.flask_holster,腰挂水壶皮套,可插入独立水壶的开放底筒与双挂耳；游戏用外观部件，交互和碰撞由接入引擎实现。,228,0.2 × 0.32 × 0.235,width / height / depth,true,通过,tools/game410/equipment.py,library/parts/l1.character.game_equipment.flask_holster.json,library/thumbnails/l1.character.game_equipment.flask_holster.webp,library/thumbnails/l1.character.game_equipment.flask_holster.webp,docs/game410/index.html,静态美术；未实现游戏逻辑、蒙皮动画或物理；定位基准不等于已验证机械接口
冒险装备,角色穿戴 / 武器外观 / 飞行装备,L1,l1.character.game_equipment.folded_glider_wing,折叠滑翔翼单侧片,骨条与有厚度翼布组成的单侧滑翔装备；游戏用外观部件，交互和碰撞由接入引擎实现。,84,0.92 × 1.05 × 0.06,width / height / depth,false,通过,tools/game410/equipment.py,library/parts/l1.character.game_equipment.folded_glider_wing.json,library/thumbnails/l1.character.game_equipment.folded_glider_wing.webp,library/thumbnails/l1.character.game_equipment.folded_glider_wing.webp,docs/game410/index.html,静态美术；未实现游戏逻辑、蒙皮动画或物理；定位基准不等于已验证机械接口
冒险装备,角色穿戴 / 武器外观 / 飞行装备,L2,l2-game410-equipment,弩身部件对位样例,手持弩的弩托和反曲臂对位示例，未装弦、未绑定发射和动画。,244,由子装配决定,子部件参数,false,通过,tools/game410/examples.py,library/assemblies/l2-game410-equipment.json,library/thumbnails/l2-game410-equipment.webp,library/thumbnails/l2-game410-equipment.webp,docs/game410/index.html,静态美术；未实现游戏逻辑、蒙皮动画或物理；定位基准不等于已验证机械接口
水岸与洞穴,水岸 / 洞穴 / 熔岩 / 雪地,L1,l1.terrain.game_waterland.stream_bend_bank,弯河双岸模块,0.47 m 净河道的九十度弯岸，中心不以实体填充；游戏用外观部件，交互和碰撞由接入引擎实现。,400,1.51 × 0.275 × 1.51,width / height / depth,true,通过,tools/game410/waterland.py,library/parts/l1.terrain.game_waterland.stream_bend_bank.json,library/thumbnails/l1.terrain.game_waterland.stream_bend_bank.webp,library/thumbnails/l1.terrain.game_waterland.stream_bend_bank.webp,docs/game410/index.html,静态美术；未实现游戏逻辑、蒙皮动画或物理；定位基准不等于已验证机械接口
水岸与洞穴,水岸 / 洞穴 / 熔岩 / 雪地,L1,l1.terrain.game_waterland.stream_junction_bank,T形溪流岸块,三向开放的溪流汇合岸边，不含流体；游戏用外观部件，交互和碰撞由接入引擎实现。,36,1.36 × 0.19 × 1.3,width / height / depth,false,通过,tools/game410/waterland.py,library/parts/l1.terrain.game_waterland.stream_junction_bank.json,library/thumbnails/l1.terrain.game_waterland.stream_junction_bank.webp,library/thumbnails/l1.terrain.game_waterland.stream_junction_bank.webp,docs/game410/index.html,静态美术；未实现游戏逻辑、蒙皮动画或物理；定位基准不等于已验证机械接口
水岸与洞穴,水岸 / 洞穴 / 熔岩 / 雪地,L1,l1.terrain.game_waterland.waterfall_lip,浅槽瀑布岩唇,用于瀑布水面落差处的横向岩石唇口；游戏用外观部件，交互和碰撞由接入引擎实现。,120,1.56 × 0.48 × 0.8,width / height / depth,true,通过,tools/game410/waterland.py,library/parts/l1.terrain.game_waterland.waterfall_lip.json,library/thumbnails/l1.terrain.game_waterland.waterfall_lip.webp,library/thumbnails/l1.terrain.game_waterland.waterfall_lip.webp,docs/game410/index.html,静态美术；未实现游戏逻辑、蒙皮动画或物理；定位基准不等于已验证机械接口
水岸与洞穴,水岸 / 洞穴 / 熔岩 / 雪地,L1,l1.terrain.game_waterland.stepping_stone,八面渡溪踏石,顶面平稳、边缘不规则的渡溪落脚石；游戏用外观部件，交互和碰撞由接入引擎实现。,48,0.72 × 0.173 × 0.61,width / height / depth,true,通过,tools/game410/waterland.py,library/parts/l1.terrain.game_waterland.stepping_stone.json,library/thumbnails/l1.terrain.game_waterland.stepping_stone.webp,library/thumbnails/l1.terrain.game_waterland.stepping_stone.webp,docs/game410/index.html,静态美术；未实现游戏逻辑、蒙皮动画或物理；定位基准不等于已验证机械接口
水岸与洞穴,水岸 / 洞穴 / 熔岩 / 雪地,L1,l1.terrain.game_waterland.dripstone_arch,垂石洞穴桥拱,连续承重石拱与下垂钟乳尖端；游戏用外观部件，交互和碰撞由接入引擎实现。,188,1.55 × 0.98 × 0.34,width / height / depth,true,通过,tools/game410/waterland.py,library/parts/l1.terrain.game_waterland.dripstone_arch.json,library/thumbnails/l1.terrain.game_waterland.dripstone_arch.webp,library/thumbnails/l1.terrain.game_waterland.dripstone_arch.webp,docs/game410/index.html,静态美术；未实现游戏逻辑、蒙皮动画或物理；定位基准不等于已验证机械接口
水岸与洞穴,水岸 / 洞穴 / 熔岩 / 雪地,L1,l1.terrain.game_waterland.basalt_columns,错落六棱玄武岩簇,具有不同高度与平整断面的六棱柱状节理；游戏用外观部件，交互和碰撞由接入引擎实现。,240,0.93 × 0.925 × 0.77,width / height / depth,true,通过,tools/game410/waterland.py,library/parts/l1.terrain.game_waterland.basalt_columns.json,library/thumbnails/l1.terrain.game_waterland.basalt_columns.webp,library/thumbnails/l1.terrain.game_waterland.basalt_columns.webp,docs/game410/index.html,静态美术；未实现游戏逻辑、蒙皮动画或物理；定位基准不等于已验证机械接口
水岸与洞穴,水岸 / 洞穴 / 熔岩 / 雪地,L1,l1.terrain.game_waterland.tidepool_rim,潮池环形岩缘,不规则而贯通的潮池岩石边缘，池底可单独搭配；游戏用外观部件，交互和碰撞由接入引擎实现。,64,1.41 × 0.22 × 1.14,width / height / depth,false,通过,tools/game410/waterland.py,library/parts/l1.terrain.game_waterland.tidepool_rim.json,library/thumbnails/l1.terrain.game_waterland.tidepool_rim.webp,library/thumbnails/l1.terrain.game_waterland.tidepool_rim.webp,docs/game410/index.html,静态美术；未实现游戏逻辑、蒙皮动画或物理；定位基准不等于已验证机械接口
水岸与洞穴,水岸 / 洞穴 / 熔岩 / 雪地,L1,l1.terrain.game_waterland.lava_vent,内凹熔岩喷口,有内壁和火口空间的低矮火山口；游戏用外观部件，交互和碰撞由接入引擎实现。,336,1.6 × 0.48 × 1.6,width / height / depth,true,通过,tools/game410/waterland.py,library/parts/l1.terrain.game_waterland.lava_vent.json,library/thumbnails/l1.terrain.game_waterland.lava_vent.webp,library/thumbnails/l1.terrain.game_waterland.lava_vent.webp,docs/game410/index.html,静态美术；未实现游戏逻辑、蒙皮动画或物理；定位基准不等于已验证机械接口
水岸与洞穴,水岸 / 洞穴 / 熔岩 / 雪地,L1,l1.nature.game_waterland.shelf_fungus,层叠木生菌盖,可贴附树干的扇形菌盖簇；游戏用外观部件，交互和碰撞由接入引擎实现。,168,1.02 × 0.65 × 0.38,width / height / depth,true,通过,tools/game410/waterland.py,library/parts/l1.nature.game_waterland.shelf_fungus.json,library/thumbnails/l1.nature.game_waterland.shelf_fungus.webp,library/thumbnails/l1.nature.game_waterland.shelf_fungus.webp,docs/game410/index.html,静态美术；未实现游戏逻辑、蒙皮动画或物理；定位基准不等于已验证机械接口
水岸与洞穴,水岸 / 洞穴 / 熔岩 / 雪地,L1,l1.nature.game_waterland.hanging_root,分叉下垂根须,沿悬崖和洞穴顶端附着的连贯分叉根须；游戏用外观部件，交互和碰撞由接入引擎实现。,158,0.96 × 1.02 × 0.2,width / height / depth,true,通过,tools/game410/waterland.py,library/parts/l1.nature.game_waterland.hanging_root.json,library/thumbnails/l1.nature.game_waterland.hanging_root.webp,library/thumbnails/l1.nature.game_waterland.hanging_root.webp,docs/game410/index.html,静态美术；未实现游戏逻辑、蒙皮动画或物理；定位基准不等于已验证机械接口
水岸与洞穴,水岸 / 洞穴 / 熔岩 / 雪地,L1,l1.nature.game_waterland.sea_fan,扇状珊瑚骨枝,具有分枝层次与透空轮廓的海扇珊瑚；游戏用外观部件，交互和碰撞由接入引擎实现。,472,1.08 × 0.87 × 0.07,width / height / depth,true,通过,tools/game410/waterland.py,library/parts/l1.nature.game_waterland.sea_fan.json,library/thumbnails/l1.nature.game_waterland.sea_fan.webp,library/thumbnails/l1.nature.game_waterland.sea_fan.webp,docs/game410/index.html,静态美术；未实现游戏逻辑、蒙皮动画或物理；定位基准不等于已验证机械接口
水岸与洞穴,水岸 / 洞穴 / 熔岩 / 雪地,L1,l1.terrain.game_waterland.snow_cornice,悬檐积雪唇边,连续厚雪面与少量下垂冰尖，适合屋檐或岩缘；游戏用外观部件，交互和碰撞由接入引擎实现。,320,1.25 × 0.55 × 0.8,width / height / depth,true,通过,tools/game410/waterland.py,library/parts/l1.terrain.game_waterland.snow_cornice.json,library/thumbnails/l1.terrain.game_waterland.snow_cornice.webp,library/thumbnails/l1.terrain.game_waterland.snow_cornice.webp,docs/game410/index.html,静态美术；未实现游戏逻辑、蒙皮动画或物理；定位基准不等于已验证机械接口
水岸与洞穴,水岸 / 洞穴 / 熔岩 / 雪地,L2,l2-game410-waterland,溪岸踏石组合,保留水道开口的三块踏石与岸边；没有水面或流体模拟。,180,由子装配决定,子部件参数,false,通过,tools/game410/examples.py,library/assemblies/l2-game410-waterland.json,library/thumbnails/l2-game410-waterland.webp,library/thumbnails/l2-game410-waterland.webp,docs/game410/index.html,静态美术；未实现游戏逻辑、蒙皮动画或物理；定位基准不等于已验证机械接口
机关与魔法,解谜 / 光路 / 符石 / 魔法装置,L1,l1.gameplay.game_puzzle.rune_rotor,八标记符环转盘,具有中心通孔和几何刻度的机关旋转环；游戏用外观部件，交互和碰撞由接入引擎实现。,288,0.9 × 0.9 × 0.155,width / height / depth,true,通过,tools/game410/puzzle.py,library/parts/l1.gameplay.game_puzzle.rune_rotor.json,library/thumbnails/l1.gameplay.game_puzzle.rune_rotor.webp,library/thumbnails/l1.gameplay.game_puzzle.rune_rotor.webp,docs/game410/index.html,静态美术；未实现游戏逻辑、蒙皮动画或物理；定位基准不等于已验证机械接口
机关与魔法,解谜 / 光路 / 符石 / 魔法装置,L1,l1.gameplay.game_puzzle.tri_key,三角晶钥实体,轮廓明确、可匹配三角插槽的实体钥匙；游戏用外观部件，交互和碰撞由接入引擎实现。,16,0.32 × 0.36 × 0.22,width / height / depth,true,通过,tools/game410/puzzle.py,library/parts/l1.gameplay.game_puzzle.tri_key.json,library/thumbnails/l1.gameplay.game_puzzle.tri_key.webp,library/thumbnails/l1.gameplay.game_puzzle.tri_key.webp,docs/game410/index.html,静态美术；未实现游戏逻辑、蒙皮动画或物理；定位基准不等于已验证机械接口
机关与魔法,解谜 / 光路 / 符石 / 魔法装置,L1,l1.gameplay.game_puzzle.tri_receiver,三角晶钥贯通槽座,与三角晶钥匹配且保留装配间隙的贯通槽；游戏用外观部件，交互和碰撞由接入引擎实现。,136,0.59 × 0.57 × 0.258,width / height / depth,true,通过,tools/game410/puzzle.py,library/parts/l1.gameplay.game_puzzle.tri_receiver.json,library/thumbnails/l1.gameplay.game_puzzle.tri_receiver.webp,library/thumbnails/l1.gameplay.game_puzzle.tri_receiver.webp,docs/game410/index.html,静态美术；未实现游戏逻辑、蒙皮动画或物理；定位基准不等于已验证机械接口
机关与魔法,解谜 / 光路 / 符石 / 魔法装置,L1,l1.gameplay.game_puzzle.beam_splitter,三角分光晶座,光路解谜用棱镜与稳定支架，不含光线追踪行为；游戏用外观部件，交互和碰撞由接入引擎实现。,104,0.58 × 0.49 × 0.58,width / height / depth,false,通过,tools/game410/puzzle.py,library/parts/l1.gameplay.game_puzzle.beam_splitter.json,library/thumbnails/l1.gameplay.game_puzzle.beam_splitter.webp,library/thumbnails/l1.gameplay.game_puzzle.beam_splitter.webp,docs/game410/index.html,静态美术；未实现游戏逻辑、蒙皮动画或物理；定位基准不等于已验证机械接口
机关与魔法,解谜 / 光路 / 符石 / 魔法装置,L1,l1.gameplay.game_puzzle.mirror_disc,双耳枢轴反射镜盘,分离反射面、镜框与旋转支承的解谜镜座；游戏用外观部件，交互和碰撞由接入引擎实现。,352,0.72 × 0.73 × 0.29,width / height / depth,false,通过,tools/game410/puzzle.py,library/parts/l1.gameplay.game_puzzle.mirror_disc.json,library/thumbnails/l1.gameplay.game_puzzle.mirror_disc.webp,library/thumbnails/l1.gameplay.game_puzzle.mirror_disc.webp,docs/game410/index.html,静态美术；未实现游戏逻辑、蒙皮动画或物理；定位基准不等于已验证机械接口
机关与魔法,解谜 / 光路 / 符石 / 魔法装置,L1,l1.gameplay.game_puzzle.scale_pan,三索天平托盘,凹盘与三条汇顶吊索的称重谜题部件；游戏用外观部件，交互和碰撞由接入引擎实现。,384,0.82 × 0.91 × 0.82,width / height / depth,true,通过,tools/game410/puzzle.py,library/parts/l1.gameplay.game_puzzle.scale_pan.json,library/thumbnails/l1.gameplay.game_puzzle.scale_pan.webp,library/thumbnails/l1.gameplay.game_puzzle.scale_pan.webp,docs/game410/index.html,静态美术；未实现游戏逻辑、蒙皮动画或物理；定位基准不等于已验证机械接口
机关与魔法,解谜 / 光路 / 符石 / 魔法装置,L1,l1.gameplay.game_puzzle.gear_arc,四分之一齿圈片,用于旋转机关的可组合扇形齿段；游戏用外观部件，交互和碰撞由接入引擎实现。,320,0.54 × 0.1 × 0.54,width / height / depth,false,通过,tools/game410/puzzle.py,library/parts/l1.gameplay.game_puzzle.gear_arc.json,library/thumbnails/l1.gameplay.game_puzzle.gear_arc.webp,library/thumbnails/l1.gameplay.game_puzzle.gear_arc.webp,docs/game410/index.html,静态美术；未实现游戏逻辑、蒙皮动画或物理；定位基准不等于已验证机械接口
机关与魔法,解谜 / 光路 / 符石 / 魔法装置,L1,l1.gameplay.game_puzzle.iris_petal,虹膜快门单叶,带枢轴孔的机关虹膜叶片，不伪装为完整快门；游戏用外观部件，交互和碰撞由接入引擎实现。,80,0.45 × 0.47 × 0.054,width / height / depth,true,通过,tools/game410/puzzle.py,library/parts/l1.gameplay.game_puzzle.iris_petal.json,library/thumbnails/l1.gameplay.game_puzzle.iris_petal.webp,library/thumbnails/l1.gameplay.game_puzzle.iris_petal.webp,docs/game410/index.html,静态美术；未实现游戏逻辑、蒙皮动画或物理；定位基准不等于已验证机械接口
机关与魔法,解谜 / 光路 / 符石 / 魔法装置,L1,l1.gameplay.game_puzzle.rune_drum,独立符柱转鼓,可堆叠并绕竖轴旋转的八面符柱段；游戏用外观部件，交互和碰撞由接入引擎实现。,160,0.72 × 0.62 × 0.72,width / height / depth,true,通过,tools/game410/puzzle.py,library/parts/l1.gameplay.game_puzzle.rune_drum.json,library/thumbnails/l1.gameplay.game_puzzle.rune_drum.webp,library/thumbnails/l1.gameplay.game_puzzle.rune_drum.webp,docs/game410/index.html,静态美术；未实现游戏逻辑、蒙皮动画或物理；定位基准不等于已验证机械接口
机关与魔法,解谜 / 光路 / 符石 / 魔法装置,L1,l1.gameplay.game_puzzle.socketed_crystal,卡座式法力晶核,晶体与卡爪连为可拆装的能量源外观；游戏用外观部件，交互和碰撞由接入引擎实现。,132,0.34 × 0.68 × 0.14,width / height / depth,true,通过,tools/game410/puzzle.py,library/parts/l1.gameplay.game_puzzle.socketed_crystal.json,library/thumbnails/l1.gameplay.game_puzzle.socketed_crystal.webp,library/thumbnails/l1.gameplay.game_puzzle.socketed_crystal.webp,docs/game410/index.html,静态美术；未实现游戏逻辑、蒙皮动画或物理；定位基准不等于已验证机械接口
机关与魔法,解谜 / 光路 / 符石 / 魔法装置,L1,l1.gameplay.game_puzzle.altar_basin,中央凹槽祭坛顶盘,真实凹陷、带边沿的祭坛上部承载盘；游戏用外观部件，交互和碰撞由接入引擎实现。,448,1.04 × 0.26 × 1.04,width / height / depth,true,通过,tools/game410/puzzle.py,library/parts/l1.gameplay.game_puzzle.altar_basin.json,library/thumbnails/l1.gameplay.game_puzzle.altar_basin.webp,library/thumbnails/l1.gameplay.game_puzzle.altar_basin.webp,docs/game410/index.html,静态美术；未实现游戏逻辑、蒙皮动画或物理；定位基准不等于已验证机械接口
机关与魔法,解谜 / 光路 / 符石 / 魔法装置,L1,l1.gameplay.game_puzzle.bell_clapper,空心钟体与钟舌,可读钟口和内部钟舌的声音机关外观；游戏用外观部件，交互和碰撞由接入引擎实现。,732,0.58 × 0.58 × 0.58,width / height / depth,false,通过,tools/game410/puzzle.py,library/parts/l1.gameplay.game_puzzle.bell_clapper.json,library/thumbnails/l1.gameplay.game_puzzle.bell_clapper.webp,library/thumbnails/l1.gameplay.game_puzzle.bell_clapper.webp,docs/game410/index.html,静态美术；未实现游戏逻辑、蒙皮动画或物理；定位基准不等于已验证机械接口
机关与魔法,解谜 / 光路 / 符石 / 魔法装置,L2,l2-game410-puzzle,晶钥与祭坛组合,三角钥匙和贯通槽的尺寸参照，独立晶核保留为拆装部件；无解谜判定逻辑。,732,由子装配决定,子部件参数,false,通过,tools/game410/examples.py,library/assemblies/l2-game410-puzzle.json,library/thumbnails/l2-game410-puzzle.webp,library/thumbnails/l2-game410-puzzle.webp,docs/game410/index.html,静态美术；未实现游戏逻辑、蒙皮动画或物理；定位基准不等于已验证机械接口
