1	P1	候机建筑侵入跑道侧界；停机飞机斜置在跑道阈值，机坪与滑行区没有分开。
2	P1	侧墙未接到门楼，侧墙与门楼之间形成明显无防护缺口；门前踏桥伸出基底。
3	P1	两侧洞壁呈独立方块，拱门背面没有洞穴围合，晶体与入口缺少地形承接。
4	P2	瞭望平台缺少可达梯道；绿洲和营地之间没有连续步行联系。
5	P1	石墙、门拱和闸门分离，墙体无法围合门口，入口可从两侧直接绕行。
6	P2	营地土路在树根前突然中止，未连到场地边界与帐篷入口。
7	P2	生产设备分散，物料存储与设备之间没有明确的工作区和通行分界。
8	P2	主要住宅与集市之间缺少步行铺面，中央水台周边缺少完整广场组织。
9	P1	峡谷和水道只是桥下的孤立片段，桥两端的地形与矿区路径未连贯。
10	PASS	三视图中双线轨道、列车和货台分离清楚；未见需强制修改的明显场景级结构缺陷。
11	PASS	积雪、建筑、树木和前庭物件在三视图中关系可解释；不将夸张低模雪团判为结构缺陷。
12	P1	后段栈道紧贴并切入红树林树冠/根系区域，观察屋支路需要避让植被并明确端部接地。
13	P2	林间营地套用城市直路，帐篷、野餐桌和营地设施分散，缺少可辨认的营地核心。
14	P1	节庆舞台实际主要是小市场棚，缺少演出地台、上台联系和朝向观众的空间。
15	P2	两处摊棚与商品箱相隔很远，中央通路未组织成可浏览的市场动线。
16	P1	乐器孤立放在草地上，演奏亭与演奏对象之间没有舞台/观众关系。
17	P2	公园亭与座椅散落在草地中，缺少连通的步行路径和休憩组团。
18	P1	活动广场只有亭子、野餐桌和单个球，缺少与主题相符的活动铺面和设施区域。
19	P1	生产评审设备直接放在草地，缺少操作平台、边界和与主楼连接的硬化通道。
20	P2	学校入口与路面之间大片草地断开，入口、候接与活动空间缺少联系。
21	P1	工坊物料箱孤立在草地，缺少门前工作平台和装卸联系。
22	P1	机关断桥放在完整平地上，没有沟壑与两岸，且保留现代道路和导视物。
23	P1	晶体祭坛没有可辨认的晶体核心，祭坛与柱廊被分到道路两侧。
24	P1	古堡入口的门和拱廊相互分离，未与墙体结合，缺少门内外空间。
25	P1	柱廊和闸门分离，廊柱大厅被通用现代道路切开，没有形成通道。
26	P1	升降平台平放在地面，缺少井道/高差/到达平台，无法辨认升降石室用途。
27	P1	摆锤装置在远离通路的孤立位置，回廊与危险摆动区没有空间对应关系。
28	P1	尖刺装置与通道结构分离，主要路径绕开装置，场景命名和布局不相符。
29	P1	宝库门没有接入围墙，宝箱在门旁远处开放地面，无法形成封印宝库。
30	P2	机床朝向和标线缺少统一操作面，工具柜、工作台散在道路两侧；需要组织工作单元。
31	P1	包装机器人与包装线相距过远，机械臂无法覆盖作业面，缺少收料/出料关系。
32	P1	配电设备缺少明确隔离工作区和电缆联系，公共动线贴近开放设备。
33	P1	反应与过滤设备分离，缺少可见管路关系，不能表现连续处理工艺。
34	P1	水泵与水处理设备分散，进出水联系缺失；泵站缺少明确集水与检修区域。
35	P1	分拣机器人远离传送线，取放区不在机械臂工作范围。
36	P1	仓库使用普通门庭外观，叉车与仓库之间没有装卸口、月台或可辨认的货区。
37	P1	焊接机器人远离焊接工作台，不能构成焊接工位；缺少局部屏护区。
38	P2	粮袋远离谷仓，谷仓门前没有装卸硬地，田块与建筑之间只剩孤立道路。
39	P2	拖拉机停在无通路的草地，农宅入口、耕作区与车辆工作区没有联系。
40	P2	温室种植架孤立在室外，内部栽培和外部种植区缺少共同的作业路径。
41	P2	农产品箱与棚位分离，没有摊位前浏览及补货的连贯空间。
42	P1	水渠被平面道路横切，水渠末端落在棚屋下方，缺少真实桥涵与干地支承。
43	P2	果园作业车与果树区之间缺少采收路径和装筐区。
44	P1	水稻主体与六小水田分散，田埂、灌溉和通行关系不完整，右侧田块呈孤立干板。
45	P1	马匹活动区没有围栏/门或饮水点，直接通向车辆道路，马厩与活动区不连贯。
46	P1	货船离码头过远，岸上起重设备不在装卸边，现有栈桥没有服务船位。
47	P1	轮渡与码头之间没有登船联系，候船棚没有连接到登乘区域。
48	P1	渔船离泊位栈桥较远，渔获上岸及岸边操作空间不成立。
49	P2	灯塔岛、栈桥和岸线相接处需明确踏步；岸上叉车与灯塔游览用途不匹配。
50	P1	游艇码头的木栈桥被放在干岸上，船艇与栈桥分离。
51	P1	救助船与救助站之间无快速登乘路线，套用货港叉车布置。
52	P1	科考船与采样/吊装装置分离，装置够不到船或水边。
53	P1	拖船与系泊设施分散，栈桥没有连到船侧，缺少可辨认作业泊位。
54	P2	拱廊、茶屋与前庭铺面分离，主路线没有穿过拱廊形成街角空间。
55	P2	格栅屏风孤立在草地，庭园缺少围合和连贯园路。
56	P1	院落主门表现为封闭房屋，月洞门也与围墙分离，无法形成进院通道。
57	P2	传统集市的商品与摊棚分散，现代直路压过主题，缺少石铺交易区。
58	P1	楼阁主体更接近单屋顶直筒楼，缺少可辨认的分层檐口与庭园联系。
59	P2	卷轴直接落在远处草地，与古祠台基分离，缺少陈设/祭台承接。
60	P1	临水茶室没有任何水面，茶台位于远处草地，主题与实际空间不符。
61	P2	祠堂前坪仍是草地与直路，陈设箱远离殿前，没有入口礼仪铺面和台阶联系。
62	P1	卫浴保留通用落地灯和客厅式大地毯；湿区、厕位及盥洗区布置分散，缺少干湿关系。
63	P2	床头、床侧桌和衣柜没有靠墙组织，穿衣镜位于入口通道，开门和绕床空间需要整理。
64	P1	厨房后部橱柜/冰箱转角紧贴，通用地毯及落地灯不适合现有烹饪布局；缺少连续后挡板和明确操作通道。
65	P2	阅读室书柜、桌椅方向与距离不连贯，部分座椅脱离桌面。
66	P1	沙发与影音柜没有相向关系，影音设备集中在侧后方，主座无法自然面向设备。
67	P2	高柜置于房间中部，摇椅离婴儿床和边桌的关系松散，需靠墙收纳和保留照护通道。
68	P1	共享办公有孤立办公椅，会议桌两侧座位没有成组对向，设备需要重新按桌面放置。
69	P1	接待台设备/键盘边缘伸出台面，访客座位与服务面朝向不清，入口与等候区需要分开。
70	P2	植物研究室的样本和栽培区缺少联系，设备平台与实验室入口未连通。
71	P1	海岸实验室完全没有海岸或水域，采样设备停在草地上。
72	P1	太阳能阵列、电池和控制设备互相分离，缺少供电联系与清晰维护区。
73	P2	野外调查屋的入户坡道止于草地，样本设备与房屋之间缺少作业路径。
74	P1	山地观测站放在平坦城市式地板上，没有山地高差，观测平台与入口缺少联系。
75	P1	机械臂直接安装在草地且没有操作台/试验区域，机器人物件分散。
76	P1	水生态区域仅有一片孤立Y形河道瓦片，河端在草地中截断，处理设备不接水。
77	P1	监测传感器低放草地，塔架没有形成清晰气象测量安装关系。
78	P1	气闸门与居住舱相距很远，没有封闭的过渡廊体，无法表现气闸用途。
79	P1	制造设备与机械臂间距过大，不能构成实际自动制造单元。
80	P2	控制台远离控制楼且无机柜/终端区，基地步道和能源连接关系不清。
81	P1	无人机没有起降/停靠平台，与能源柜相隔很远，缺少明确停靠关系。
82	P2	居住舱入口、能源和维护设备孤立，未形成基地生活区的通行关系。
83	P1	穿梭机没有可辨认机坪边界和地面引导，维护车与机体之间缺少服务路径。
84	P1	收发设备与运输机分居远处，缺少装卸平台、货物区与车辆动线。
85	P1	雷达观测塔形似输电铁塔，缺少雷达天线，传感/无人机设备没有安装平台。
86	P1	机场机坪仅有短白线，候机区与飞行区没有明确分隔或登乘联系。
87	P1	公交车与站台分别在场地两端，车辆垂直于道路，不能形成靠站停靠关系。
88	P1	充电柜与汽车分开很远，缺少充电车位和电缆可达关系。
89	P1	铁路穿过普通道路却没有平交道口构造，轨道端部被候车棚占据，装卸设备离车厢很远。
90	P1	直升机坪没有H标记与清晰边界，候机设施/树木与起降区缺少分区。
91	P1	物流车辆与仓库脱节，缺少装卸平台、货车靠泊区和仓库装卸入口。
92	P1	站房与列车没有站台连接，铁轨横跨普通柏油路，站棚占据线路端部。
93	P1	候车棚位于轨道端部，车站不在车厢侧面，缺少有轨电车站台。
94	P2	公寓前空地与长椅未形成庭院动线，停车与步行空间缺少分界。
95	P1	咖啡桌孤立于店铺远端，缺少成组座椅及门前露台。
96	P1	检查站门体在道路旁而非道路入口，无围栏形成受控通道。
97	P1	救护车与其他停车空间混杂，未形成诊所急救入口和独立停车区。
98	P2	快递柜远离商店入口，缺少门前铺装和清楚的公共步行动线。
99	P2	公告栏与图书馆入口脱节，入口前广场缺少阅读/等候空间联系。
100	P2	自行车架与办公入口相距过远，门前步行连接不清楚。
101	P1	室内衣帽架作为独立物件置于住宅外露草地，应收纳至有遮护的门廊。
102	P1	山屋基座高于地形而步道未接到台阶，缺少可行走的入户连接。
103	P1	人物站在陡坡，峡谷桥两端与高地和步道没有形成清楚的连续连接。
104	P1	山洞由规则桶形拱与方块组成，像人工管涵，缺少与山体融为一体的岩石洞口。
105	PASS	默认三视图未发现明确缺陷；沙丘、绿洲水面和棕榈空间关系合理。
106	PASS	默认三视图未发现明确缺陷；林间路径避开主要树干。
107	P1	海滩独木舟船体埋入岸面，船舷几乎贴地，搁滩关系不正确。
108	P1	湿地栈道两端落在水面中，缺少干地登岸平台和连续的入口。
109	PASS	默认三视图未发现明确缺陷；针叶林与小径空间关系合理。
110	P1	鹿等动物集中站在桥头通路中，桥前活动区没有避让通行空间。
111	P1	厢式车占用斑马线，行人过街动线被车辆与路边设备挤占。
112	P1	在建两层楼板没有施工楼梯或梯具，工地围挡入口与机械作业区域缺少区分。
113	P2	跨主题样板实际为资产陈列，不能冒称连贯世界；需明确分组和展台而非随机草地。
114	P2	街面大量相同井盖/拼块重复，车行与步行区域混杂；应保留风格同时建立人行安全区。
115	P1	加油顶棚、油机和车辆拥挤，缺少可连续驶入驶出的服务车道。
116	P1	农场牲畜与开放菜地混养，容易理解为作物被踩踏；需独立牲畜围栏和作业通道。
117	P1	小船与平台边缘关系过密，海盗船桅杆/帆与码头功能需留登乘净空并补跳板。
118	P2	样板房卧室完全暴露于厨房/客厅，缺少睡眠区隐私分隔；保持可视剖面增加矮隔断。
119	P1	哨塔只有高架平台没有登塔梯，营地入口与车辆停位没有清楚路径。
120	P1	栖居舱之间无密闭连接，月面车辆随机散布，居住与起降区域缺少明确分区。
